qid,title,year,runtime_minutes,directors
Q103569,Alien,1979,117.0,Ridley Scott
Q104123,Pulp Fiction,1994,154.0,Quentin Tarantino
Q127367,The Lord of the Rings: The Fellowship of the Ring,2001,178.0,Peter Jackson
Q128518,Gladiator,2000,155.0,Ridley Scott
Q131074,The Lord of the Rings: The Return of the King,2003,200.0,Peter Jackson
Q133654,The Silence of the Lambs,1991,118.0,Jonathan Demme
Q13417189,Interstellar,2014,169.0,Christopher Nolan
Q134773,Forrest Gump,1994,142.0,Robert Zemeckis
Q155653,Spirited Away,2001,125.0,Hayao Miyazaki
Q15648198,Whiplash,2014,106.0,Damien Chazelle
Q163872,The Dark Knight,2008,153.0,Christopher Nolan
Q166262,Batman Begins,2005,140.0,Christopher Nolan
Q172241,The Shawshank Redemption,1994,142.0,Frank Darabont
Q184768,The Godfather Part II,1974,202.0,Francis Ford Coppola
Q184843,Blade Runner,1982,112.0,Ridley Scott
Q190050,Fight Club,1999,139.0,David Fincher
Q190525,Memento,2000,113.0,Christopher Nolan
Q190908,Seven,1995,127.0,David Fincher
Q208263,The Green Mile,1999,189.0,Frank Darabont
Q20856802,La La Land,2016,128.0,Damien Chazelle
Q21935651,Dunkirk,2017,106.0,Christopher Nolan
Q25188,Inception,2010,148.0,Christopher Nolan
Q42047,Goodfellas,1990,146.0,Martin Scorsese
Q44578,Titanic,1997,195.0,James Cameron
Q46551,The Prestige,2006,125.0,Christopher Nolan
Q47703,The Godfather,1972,175.0,Francis Ford Coppola
Q483941,Schindler's List,1993,195.0,Steven Spielberg
Q61448040,Parasite,2019,132.0,Bong Joon-ho
Q63985561,Tenet,2020,150.0,Christopher Nolan
Q83495,The Matrix,1999,136.0,Lilly Wachowski; Lana Wachowski
